{"{bo}": {"font": {"name": "DengXian,Bold", "size": 3.9600000381469727, "color": "#ee0000", "flags": 16, "style": "bold"}, "label": "Birth Order", "position": {"x0": 92.54399871826172, "x1": 99.36719818115235, "y0": 266.6023864746094, "y1": 270.7287292480469, "width": 6.823199462890628, "height": 4.1263427734375}, "rotation": 0, "alignment": "left", "bbox_center": {"x": 95.95559844970703, "y": 268.6655578613281}, "page_number": 1}, "{fe}": {"font": {"name": "ArialMT", "size": 6, "color": "#ee0000", "flags": 0, "style": "normal"}, "label": "Sex: Female", "position": {"x0": 91.34400177001953, "x1": 99.87519683837891, "y0": 164.989990234375, "y1": 171.6799774169922, "width": 8.53119506835938, "height": 6.6899871826171875}, "rotation": 0, "alignment": "left", "bbox_center": {"x": 95.60959930419922, "y": 168.3349838256836}, "page_number": 1}, "{ma}": {"font": {"name": "ArialMT", "size": 6, "color": "#ee0000", "flags": 0, "style": "normal"}, "label": "Sex: Male", "position": {"x0": 56.63999938964844, "x1": 67.88160095214843, "y0": 165.1099853515625, "y1": 171.7999725341797, "width": 11.241601562499994, "height": 6.6899871826171875}, "rotation": 0, "alignment": "left", "bbox_center": {"x": 62.260800170898435, "y": 168.4549789428711}, "page_number": 1}, "{at1}": {"font": {"name": "ArialMT", "size": 5.039999961853027, "color": "#ee0000", "flags": 0, "style": "normal"}, "label": "Attendant: Physician", "position": {"x0": 70.94400024414062, "x1": 81.26591491699219, "y0": 515.46875, "y1": 521.08837890625, "width": 10.321914672851562, "height": 5.61962890625}, "rotation": 0, "alignment": "left", "bbox_center": {"x": 76.1049575805664, "y": 518.278564453125}, "page_number": 1}, "{at2}": {"font": {"name": "DengXian", "size": 5.039999961853027, "color": "#ee0000", "flags": 0, "style": "normal"}, "label": "Attendant: Nurse", "position": {"x0": 204.41000366210938, "x1": 213.56080118815103, "y0": 517.3875732421875, "y1": 522.6392211914062, "width": 9.150797526041657, "height": 5.25164794921875}, "rotation": 0, "alignment": "left", "bbox_center": {"x": 208.9854024251302, "y": 520.0133972167969}, "page_number": 1}, "{at3}": {"font": {"name": "ArialMT", "size": 5.039999961853027, "color": "#ee0000", "flags": 0, "style": "normal"}, "label": "Attendant: Midwife", "position": {"x0": 320.5899963378906, "x1": 330.91192626953125, "y0": 515.5888061523438, "y1": 521.2084350585938, "width": 10.321929931640625, "height": 5.61962890625}, "rotation": 0, "alignment": "left", "bbox_center": {"x": 325.75096130371094, "y": 518.3986206054688}, "page_number": 1}, "{at4}": {"font": {"name": "ArialMT", "size": 5.039999961853027, "color": "#ee0000", "flags": 0, "style": "normal"}, "label": "Attendant: Hilot", "position": {"x0": 69.86399841308594, "x1": 80.1859130859375, "y0": 524.3487548828125, "y1": 529.9683837890625, "width": 10.321914672851562, "height": 5.61962890625}, "rotation": 0, "alignment": "left", "bbox_center": {"x": 75.02495574951172, "y": 527.1585693359375}, "page_number": 1}, "{at5}": {"font": {"name": "ArialMT", "size": 5.039999961853027, "color": "#ee0000", "flags": 0, "style": "normal"}, "label": "Attendant: Other (Specify)", "position": {"x0": 203.3300018310547, "x1": 213.65194702148438, "y0": 523.748779296875, "y1": 529.368408203125, "width": 10.321945190429688, "height": 5.61962890625}, "rotation": 0, "alignment": "left", "bbox_center": {"x": 208.49097442626953, "y": 526.55859375}, "page_number": 1}, "{day}": {"font": {"name": "ArialMT", "size": 6, "color": "#ee0000", "flags": 0, "style": "normal"}, "label": "Day of Birth", "position": {"x0": 294.5299987792969, "x1": 308.2760009765625, "y0": 165.22998046875, "y1": 171.9199676513672, "width": 13.746002197265625, "height": 6.6899871826171875}, "rotation": 0, "alignment": "left", "bbox_center": {"x": 301.4029998779297, "y": 168.5749740600586}, "page_number": 1}, "{ftb}": {"font": {"name": "ArialMT", "size": 8.039999961853027, "color": "#ee0000", "flags": 0, "style": "normal"}, "label": "Father's Age", "position": {"x0": 334.3900146484375, "x1": 348.701171875, "y0": 458.3937683105469, "y1": 467.3583679199219, "width": 14.3111572265625, "height": 8.964599609375}, "rotation": 0, "alignment": "left", "bbox_center": {"x": 341.54559326171875, "y": 462.8760681152344}, "page_number": 1}, "{mtb}": {"font": {"name": "ArialMT", "size": 8.039999961853027, "color": "#ee0000", "flags": 0, "style": "normal"}, "label": "Mother's Age", "position": {"x0": 332.4700012207031, "x1": 351.2353820800781, "y0": 360.93377685546875, "y1": 369.89837646484375, "width": 18.765380859375, "height": 8.964599609375}, "rotation": 0, "alignment": "left", "bbox_center": {"x": 341.8526916503906, "y": 365.41607666015625}, "page_number": 1}, "{tb1}": {"font": {"name": "DengXian,Bold", "size": 6, "color": "#ee0000", "flags": 16, "style": "bold"}, "label": "Birth Order", "position": {"x0": 57.84000015258789, "x1": 70.13500150044759, "y0": 221.8400115966797, "y1": 228.09201049804688, "width": 12.295001347859696, "height": 6.2519989013671875}, "rotation": 0, "alignment": "left", "bbox_center": {"x": 63.98750082651774, "y": 224.96601104736328}, "page_number": 1}, "{tb2}": {"font": {"name": "DengXian,Bold", "size": 6, "color": "#ee0000", "flags": 16, "style": "bold"}, "label": "Unknown Field 2", "position": {"x0": 121.69999694824219, "x1": 133.97499338785806, "y0": 222.1999969482422, "y1": 228.45199584960938, "width": 12.274996439615876, "height": 6.2519989013671875}, "rotation": 0, "alignment": "left", "bbox_center": {"x": 127.83749516805013, "y": 225.32599639892578}, "page_number": 1}, "{tb3}": {"font": {"name": "DengXian,Bold", "size": 6, "color": "#ee0000", "flags": 16, "style": "bold"}, "label": "Unknown Field 3", "position": {"x0": 89.42400360107422, "x1": 101.69566853841145, "y0": 230.47996520996094, "y1": 236.73196411132812, "width": 12.271664937337235, "height": 6.2519989013671875}, "rotation": 0, "alignment": "left", "bbox_center": {"x": 95.55983606974283, "y": 233.60596466064453}, "page_number": 1}, "{wab}": {"font": {"name": "DengXian,Bold", "size": 6, "color": "#ee0000", "flags": 16, "style": "bold"}, "label": "Weight at Birth", "position": {"x0": 285.8900146484375, "x1": 299.9650014241536, "y0": 266.1500244140625, "y1": 272.4020080566406, "width": 14.074986775716127, "height": 6.251983642578125}, "rotation": 0, "alignment": "left", "bbox_center": {"x": 292.92750803629554, "y": 269.27601623535156}, "page_number": 1}, "{imb1}": {"font": {"name": "DengXian,Bold", "size": 6, "color": "#ee0000", "flags": 16, "style": "bold"}, "label": "Multiple Birth: First", "position": {"x0": 213.64999389648438, "x1": 230.28713989257812, "y0": 221.9600067138672, "y1": 228.21200561523438, "width": 16.63714599609375, "height": 6.2519989013671875}, "rotation": 0, "alignment": "left", "bbox_center": {"x": 221.96856689453125, "y": 225.08600616455078}, "page_number": 1}, "{imb2}": {"font": {"name": "DengXian,Bold", "size": 6, "color": "#ee0000", "flags": 16, "style": "bold"}, "label": "Multiple Birth: Twin", "position": {"x0": 272.3299865722656, "x1": 288.9671325683594, "y0": 222.5599822998047, "y1": 228.81198120117188, "width": 16.63714599609375, "height": 6.2519989013671875}, "rotation": 0, "alignment": "left", "bbox_center": {"x": 280.6485595703125, "y": 225.68598175048828}, "page_number": 1}, "{imb3}": {"font": {"name": "DengXian,Bold", "size": 6, "color": "#ee0000", "flags": 16, "style": "bold"}, "label": "Multiple Birth: Triplet+", "position": {"x0": 231.64999389648438, "x1": 248.28713989257812, "y0": 230.11997985839844, "y1": 236.37197875976562, "width": 16.63714599609375, "height": 6.2519989013671875}, "rotation": 0, "alignment": "left", "bbox_center": {"x": 239.96856689453125, "y": 233.24597930908203}, "page_number": 1}, "{year}": {"font": {"name": "ArialMT", "size": 6, "color": "#ee0000", "flags": 0, "style": "normal"}, "label": "Year of Birth", "position": {"x0": 354.7900085449219, "x1": 370.593994140625, "y0": 165.1099853515625, "y1": 171.7999725341797,